student_id,ans_labels,ans,sub_ind,n_correct,n_total,score
46394990,prob_1_r_result,correct,1,6,7,0.857142857142857
46394990,prob_2_r_result,correct,1,6,7,0.857142857142857
46394990,prob_3_r_result,correct,1,6,7,0.857142857142857
46394990,prob_4_r_result,correct,1,6,7,0.857142857142857
46394990,ans_5,correct,1,6,7,0.857142857142857
46394990,ans_6a,correct,1,6,7,0.857142857142857
46394990,ans_6b,incorrect,1,6,7,0.857142857142857
