maze_time_rat_1,maze_time_rat_2,maze_time_rat_3,maze_time_rat_4,maze_time_rat_5,run
223.830410085338,16.7956703882168,183.204712857239,20.4660882744628,-122.390027400994,1
72.0653718145731,-16.6570547084707,77.2671308575245,94.5122526288421,-26.3614384970583,2
275.790308981071,-6.55905803882962,126.61373616721,125.014132285415,135.872889597135,3
156.074609088806,-56.3782051071005,62.3297281416372,161.824329356625,98.8954521534336,4
54.7216027446842,215.653699715018,344.136462889459,82.7376497354143,5.93508373813916,5
